{
  "slugKey": "vpk-90m",
  "published": true,
  "slug": {
    "ru": "vpk-90m",
    "en": "vpk-90m"
  },
  "title": {
    "ru": "Покрытие ВПК-90М",
    "en": "VPK-90M"
  },
  "excerpt": {
    "ru": "Покрытие ВПК-90М — продукт категории «Противопригарные покрытия» для литейного производства. процессы: ПГС; основа: Водное",
    "en": "VPK-90M is part of the \"Противопригарные покрытия\" line for foundry workflows. processes: ПГС; base: Водное"
  },
  "content": {},
  "category": "Противопригарные покрытия",
  "process": [
    "ПГС"
  ],
  "base": [
    "Водное"
  ],
  "filler": [],
  "metals": [],
  "auxiliary": [],
  "updatedAt": "2025-11-27T15:23"
}
