{
  "slugKey": "auxiliary-cleaner",
  "published": true,
  "slug": {
    "ru": "vspomogatelnij-ochistitel",
    "en": "aux-cleaning-solution"
  },
  "title": {
    "ru": "Отмывающий состав для оснастки",
    "en": "Tooling cleaning solution"
  },
  "excerpt": {
    "ru": "Удаляет пригар и подготавливает поверхности к нанесению покрытий.",
    "en": "Removes burn-on and prepares tooling for new coatings."
  },
  "content": {
    "ru": null,
    "en": null
  },
  "category": "auxiliary",
  "process": [
    "liquid-glass",
    "croning"
  ],
  "base": [
    "water-based"
  ],
  "filler": [],
  "auxiliary": [
    "cleaner",
    "modifier"
  ],
  "image": "uploads/catalog-coating-water.svg",
  "updatedAt": "2024-03-05T08:12"
}
