{
  "slugKey": "pk-57g",
  "published": true,
  "slug": {
    "ru": "pk-57g",
    "en": "pk-57g"
  },
  "title": {
    "ru": "Покрытие ПК-57Г",
    "en": "PK-57G"
  },
  "excerpt": {
    "ru": "Покрытие ПК-57Г — продукт категории «Противопригарные покрытия» для литейного производства. процессы: Альфа-cет, Фуран, Резол-CO₂, ЖСС, Пеп-сет и Кронинг; основа: Спиртовое",
    "en": "PK-57G is part of the \"Противопригарные покрытия\" line for foundry workflows. processes: Альфа-cет, Фуран, Резол-CO₂, ЖСС, Пеп-сет and Кронинг; base: Спиртовое"
  },
  "content": {},
  "category": "Противопригарные покрытия",
  "process": [
    "Альфа-cет",
    "Фуран",
    "Резол-CO₂",
    "ЖСС",
    "Пеп-сет",
    "Кронинг"
  ],
  "base": [
    "Спиртовое"
  ],
  "filler": [],
  "metals": [],
  "auxiliary": [],
  "updatedAt": "2025-11-27T15:20"
}
