{
  "slugKey": "pokrytie-vpk-gm03",
  "published": true,
  "slug": {
    "ru": "pokrytie-vpk-gm03",
    "en": "pokrytie-vpk-gm03"
  },
  "title": {
    "ru": "Покрытие ВПК-ГМ03",
    "en": "Покрытие ВПК-ГМ03"
  },
  "excerpt": {
    "ru": "Описание будет добавлено позже",
    "en": "Description will be added later"
  },
  "content": {
    "ru": null,
    "en": null
  },
  "category": "coatings",
  "process": [
    "lgm"
  ],
  "base": [
    "water-based"
  ],
  "filler": [],
  "auxiliary": [],
  "updatedAt": "2025-11-24T14:10:44.066Z"
}