{
  "slugKey": "kb-ae-be",
  "published": true,
  "slug": {
    "ru": "kb-ae-be",
    "en": "kb-ae-be"
  },
  "title": {
    "ru": "Связующие КБ-А (Э), КБ-Б (Э)",
    "en": "KB-AE-BE"
  },
  "excerpt": {
    "ru": "Связующие КБ-А (Э), КБ-Б (Э) — продукт категории «Связующие» для литейного производства. процессы: Колд-Бокс",
    "en": "KB-AE-BE is part of the \"Связующие\" line for foundry workflows. processes: Колд-Бокс"
  },
  "content": {},
  "category": "Связующие",
  "process": [
    "Колд-Бокс"
  ],
  "base": [],
  "filler": [],
  "metals": [],
  "auxiliary": [],
  "updatedAt": "2025-11-27T15:31"
}
