{
  "slugKey": "coating-alcohol-graphite",
  "published": true,
  "slug": {
    "ru": "pokrytie-spirtovoe-grafit",
    "en": "alcohol-graphite-coating"
  },
  "title": {
    "ru": "Спиртовое покрытие с графитовым наполнителем",
    "en": "Alcohol-based graphite coating"
  },
  "excerpt": {
    "ru": "Гладкая поверхность отливок при кронинг и кокильных процессах.",
    "en": "Smooth casting finish for Croning and permanent mould applications."
  },
  "content": {
    "ru": null,
    "en": null
  },
  "category": "coatings",
  "process": [
    "croning",
    "permanent-mold"
  ],
  "base": [
    "alcohol-based"
  ],
  "filler": [
    "graphite"
  ],
  "image": "uploads/catalog-coating-alcohol.svg",
  "updatedAt": "2024-03-03T11:45"
}
