{
  "slugKey": "kley-kfs-02",
  "published": true,
  "slug": {
    "ru": "kley-kfs-02",
    "en": "kley-kfs-02"
  },
  "title": {
    "ru": "Клей КФС-02",
    "en": "Kley KFS-02"
  },
  "excerpt": {
    "ru": "Пластичный клей в мягких брикетах для склеивания и локального ремонта песчаных форм и стержней. Удобно заполняет щели и даёт прочный, термостойкий шов.",
    "en": "Plastic adhesive in soft blocks for bonding and local repair of sand molds and cores. Easily fills gaps and delivers a strong, heat-resistant joint."
  },
  "content": {},
  "category": "Вспомогательные материалы",
  "process": [],
  "base": [],
  "filler": [],
  "metals": [],
  "auxiliary": [
    "Клей"
  ],
  "updatedAt": "2025-11-27T14:57"
}
