{
  "siteName": {
    "ru": "Интема Групп",
    "en": "Intema Group"
  },
  "tagline": {
    "ru": "Связующие, противопригарные покрытия и вспомогательные материалы для литейного производства",
    "en": "Binders, foundry coatings and auxiliary materials for modern foundries"
  },
  "contacts": {
    "email": "info@intema.ru",
    "phone": "+7 495 357 25 50",
    "telegramUrl": "https://t.me/IntemaGroup",
    "address": {
      "ru": "ООО „Интема Групп“, 141241, Московская обл., г. Пушкино, мкр. Мамонтовка, ул. Центральная, д. 2, корп. Б, эт. 3, оф. 8",
      "en": "LLC „Intema Group“, 141241, Centralnaya St. 2, Building B, Floor 3, Office 8, Mamontovka, Pushkino, Moscow Region, Russia"
    }
  },
  "footer": {
    "copyright": {
      "ru": "© {year} Интема Групп. Все права защищены.",
      "en": "© {year} Intema Group. All rights reserved."
    }
  },
  "seo": {
    "title": {
      "ru": "Интема Групп — материалы для литейного производства: связующие, покрытия, вспомогательные решения",
      "en": "Intema Group — binders, foundry coatings and auxiliary materials for foundries"
    },
    "description": {
      "ru": "Поставляем связующие, противопригарные покрытия и вспомогательные материалы для литейной промышленности — для стабильной работы формовочных линий и высокого качества отливок.",
      "en": "We supply binders, foundry coatings and auxiliary materials for the foundry industry to keep moulding lines stable and improve casting quality."
    },
    "ogTitle": {
      "ru": "Интема Групп — эксперты по материалам для литейного производства",
      "en": "Intema Group — specialists in foundry consumables"
    },
    "ogDescription": {
      "ru": "Помогаем литейным цехам снижать брак, ускорять подготовку форм и улучшать поверхность отливок.",
      "en": "We help foundries cut scrap, speed up mould preparation, and improve casting surface quality."
    },
    "ogImage": {
      "image": "/uploads/seo/ogImage/image.svg",
      "alt": "Команда Интема Групп обсуждает применение противопригарных покрытий"
    },
    "canonicalBase": "https://intema.ru"
  },
  "meta": {
    "domain": "intema.ru",
    "robots": {
      "index": true,
      "follow": true
    }
  }
}
