{
  "slugKey": "sfu",
  "published": true,
  "slug": {
    "ru": "sfu",
    "en": "sfu"
  },
  "title": {
    "ru": "Связующие СФУ-1, СФУ-2, СФУ-3К",
    "en": "SFU"
  },
  "excerpt": {
    "ru": "Связующие СФУ-1, СФУ-2, СФУ-3К — продукт категории «Связующие» для литейного производства. процессы: Пеп-сет",
    "en": "SFU is part of the \"Связующие\" line for foundry workflows. processes: Пеп-сет"
  },
  "content": {},
  "category": "Связующие",
  "process": [
    "Пеп-сет"
  ],
  "base": [],
  "filler": [],
  "metals": [],
  "auxiliary": [],
  "updatedAt": "2025-11-27T15:32"
}
