{
  "slugKey": "pk-10",
  "published": true,
  "slug": {
    "ru": "pk-10",
    "en": "pk-10"
  },
  "title": {
    "ru": "Покрытие ПК-10",
    "en": "PK-10"
  },
  "excerpt": {
    "ru": "Спиртовое графит-форстеритовое противопригарное покрытие для мелкого и среднего чугунного и цветного литья; даёт ровную поверхность и экономичный расход.",
    "en": "Alcohol-based graphite–forsterite foundry coating for small and medium cast iron and non-ferrous castings; provides a smooth surface with economical consumption."
  },
  "content": {},
  "category": "Противопригарные покрытия",
  "process": [
    "Альфа-cет",
    "Фуран",
    "Резол-CO₂",
    "ЖСС",
    "Пеп-сет",
    "Кронинг"
  ],
  "base": [
    "Спиртовое"
  ],
  "filler": [],
  "metals": [],
  "auxiliary": [],
  "updatedAt": "2025-12-04T09:23"
}
