{
  "slugKey": "fs-01",
  "published": true,
  "slug": {
    "ru": "fs-01",
    "en": "fs-01"
  },
  "title": {
    "ru": "Смола ФС-01",
    "en": "FS-01"
  },
  "excerpt": {
    "ru": "Смола ФС-01 — продукт категории «Связующие» для литейного производства. процессы: Альфа-cет",
    "en": "FS-01 is part of the \"Связующие\" line for foundry workflows. processes: Альфа-cет"
  },
  "content": {},
  "category": "Связующие",
  "process": [
    "Альфа-cет"
  ],
  "base": [],
  "filler": [],
  "metals": [],
  "auxiliary": [],
  "updatedAt": "2025-11-27T15:26"
}
