{
  "slugKey": "catalyst-ok",
  "published": true,
  "slug": {
    "ru": "catalyst-ok",
    "en": "catalyst-ok"
  },
  "title": {
    "ru": "Катализатор серии ОК",
    "en": "Catalyst OK"
  },
  "excerpt": {
    "ru": "Линейка кислотных катализаторов для фуран-процесса. Позволяет точно подбирать время жизни смеси в зависимости от температуры и типа отливки.",
    "en": "Acid catalysts for the furan process. Fine-tune mixture pot life by temperature and casting type."
  },
  "content": {},
  "category": "Связующие",
  "process": [
    "Фуран"
  ],
  "base": [],
  "filler": [],
  "metals": [],
  "auxiliary": [],
  "updatedAt": "2025-11-27T15:14"
}
