{
  "slugKey": "otverditel-am",
  "published": true,
  "slug": {
    "ru": "otverditel-am",
    "en": "otverditel-am"
  },
  "title": {
    "ru": "Отвердитель серии АМ",
    "en": "AM series hardener"
  },
  "excerpt": {
    "ru": "Отвердитель для жидкостекольного (ЖСС) процесса; регулирует время жизни смеси от 1 до 60 минут — подходит для форм и стержней любого размера и температуры.",
    "en": "Acid hardener for waterglass (CO2) process; controls bench life from 1 to 60 minutes — suitable for all core and mold sizes and sand temperatures."
  },
  "content": {},
  "category": "Связующие",
  "process": [
    "ЖСС"
  ],
  "base": [],
  "filler": [],
  "metals": [],
  "auxiliary": [],
  "updatedAt": "2025-11-27T15:15"
}
