{
  "slugKey": "fs-04",
  "published": true,
  "slug": {
    "ru": "fs-04",
    "en": "fs-04"
  },
  "title": {
    "ru": "Смола ФС-04",
    "en": "FS-04"
  },
  "excerpt": {
    "ru": "Специальная смола для крупногабаритных стальных и чугунных отливок. Обеспечивает «податливость» формы при заливке и снижает риск горячих трещин и дефектов крупной массы металла.",
    "en": "Special Alphaset resin for large steel and iron castings. Provides a more flexible mould during pouring and reduces the risk of hot cracking and defects in massive sections."
  },
  "content": {},
  "category": "Связующие",
  "process": [
    "Альфа-cет"
  ],
  "base": [],
  "filler": [],
  "metals": [],
  "auxiliary": [],
  "updatedAt": "2025-11-27T15:27"
}
