{
  "slugKey": "cleaner-os-1",
  "published": true,
  "slug": {
    "ru": "cleaner-os-1",
    "en": "cleaner-os-1"
  },
  "title": {
    "ru": "Отмывающий состав ОС-1",
    "en": "Cleaner OS-1"
  },
  "excerpt": {
    "ru": "Отмывающий состав ОС-1 — продукт категории «Вспомогательные материалы» для литейного производства.",
    "en": "Cleaner OS-1 is part of the \"Вспомогательные материалы\" line for foundry workflows."
  },
  "content": {},
  "category": "Вспомогательные материалы",
  "process": [],
  "base": [],
  "filler": [],
  "metals": [],
  "auxiliary": [
    "Отмывающий состав"
  ],
  "updatedAt": "2025-11-27T15:00"
}
