{
  "slugKey": "fsm-a",
  "published": true,
  "slug": {
    "ru": "fsm-a",
    "en": "fsm-a"
  },
  "title": {
    "ru": "Смола ФСМ-А",
    "en": "FSM-A"
  },
  "excerpt": {
    "ru": "Модифицированная Альфа-сет смола с пониженным уровнем эмиссий. Снижает выделение фенола и формальдегида, обеспечивая минимальный запах при формовке и заливке при сохранении высокой прочности форм.",
    "en": "Modified low-emission Alphaset resin. Reduces phenol and formaldehyde emissions, giving minimal odour during moulding and pouring while maintaining high mould strength."
  },
  "content": {},
  "category": "Связующие",
  "process": [
    "Альфа-cет"
  ],
  "base": [],
  "filler": [],
  "metals": [],
  "auxiliary": [],
  "updatedAt": "2025-11-27T15:29"
}
