{
  "slugKey": "vpk-gm03",
  "published": true,
  "slug": {
    "ru": "vpk-gm03",
    "en": "vpk-gm03"
  },
  "title": {
    "ru": "Покрытие ВПК-ГМ03",
    "en": "VPK-GM03"
  },
  "excerpt": {
    "ru": "Покрытие ВПК-ГМ03 — продукт категории «Противопригарные покрытия» для литейного производства. процессы: ЛГМ; основа: Водное",
    "en": "VPK-GM03 is part of the \"Противопригарные покрытия\" line for foundry workflows. processes: ЛГМ; base: Водное"
  },
  "content": {},
  "category": "Противопригарные покрытия",
  "process": [
    "ЛГМ"
  ],
  "base": [
    "Водное"
  ],
  "filler": [],
  "metals": [],
  "auxiliary": [],
  "updatedAt": "2025-11-27T15:25"
}
