{
  "slugKey": "sk-92",
  "published": true,
  "slug": {
    "ru": "sk-92",
    "en": "sk-92"
  },
  "title": {
    "ru": "Смола СК-92",
    "en": "SK-92"
  },
  "excerpt": {
    "ru": "Гранулированная смола для кронинг-процесса. Обеспечивает прочные оболочки с высокой точностью и низкими выбросами.",
    "en": "Granulated resin for the Croning process. Delivers high-strength shells with precision and low emissions."
  },
  "content": {},
  "category": "Связующие",
  "process": [
    "Кронинг"
  ],
  "base": [],
  "filler": [],
  "metals": [],
  "auxiliary": [],
  "updatedAt": "2025-11-27T15:29"
}
