{
  "slugKey": "eps-10",
  "published": true,
  "slug": {
    "ru": "eps-10",
    "en": "eps-10"
  },
  "title": {
    "ru": "ЭПС-10",
    "en": "EPS-10"
  },
  "excerpt": {
    "ru": "ЭПС-10 — продукт категории «Вспомогательные материалы» для литейного производства.",
    "en": "EPS-10 is part of the \"Вспомогательные материалы\" line for foundry workflows."
  },
  "content": {},
  "category": "Вспомогательные материалы",
  "process": [],
  "base": [],
  "filler": [],
  "metals": [],
  "auxiliary": [
    "Экзотермическая смесь"
  ],
  "updatedAt": "2025-11-27T14:53"
}
