{
  "id": "partners",
  "published": true,
  "slug": {
    "ru": "partners",
    "en": "partners"
  },
  "title": {
    "ru": "Партнёры",
    "en": "Partners"
  },
  "description": {
    "ru": "Информация для партнёров и дилеров Интема Групп.",
    "en": "Information for Intema Group partners and dealers."
  },
  "excerpt": {
    "ru": "Условия сотрудничества и поддержка партнёров.",
    "en": "Partnership terms and support resources."
  },
  "content": {},
  "hero": {
    "image": "/uploads/Партнёры/hero/image.jpg",
    "alt": {
      "ru": "Команда партнёров Интема Групп обсуждает проект на производстве",
      "en": "Intema Group partners discussing a project at a foundry"
    }
  },
  "seo": {
    "title": {
      "ru": "Партнёрам Интема Групп",
      "en": "For Intema Group Partners"
    },
    "description": {
      "ru": "Программы сотрудничества, материалы и контакты для партнёров.",
      "en": "Partnership programs, materials, and contacts."
    },
    "ogTitle": {
      "ru": "Информация для партнёров",
      "en": "Partner information"
    },
    "ogDescription": {
      "ru": "Ресурсы и поддержка для партнёров и дилеров компании.",
      "en": "Resources and support for company partners and dealers."
    },
    "ogImage": {
      "alt": "Партнёры Интема Групп"
    }
  },
  "updatedAt": "2025-11-24T12:10:00.000Z"
}
