{
  "slugKey": "fs-01",
  "published": true,
  "slug": {
    "ru": "fs-01",
    "en": "fs-01"
  },
  "title": {
    "ru": "Смола ФС-01",
    "en": "FS-01"
  },
  "excerpt": {
    "ru": "Премиальная Альфа-сет смола холодного твердения. Оптимальна при высокой доле регенерированного песка и для ответственных отливок, где важны максимальная прочность и низкий запах в цехе.",
    "en": "Premium Alphaset resin for cold-setting sands. Ideal for high reclaimed-sand ratios and critical castings where maximum strength and reduced odour are required."
  },
  "content": {},
  "category": "Связующие",
  "process": [
    "Альфа-cет"
  ],
  "base": [],
  "filler": [],
  "metals": [],
  "auxiliary": [],
  "updatedAt": "2025-11-27T15:26"
}
