{
  "slugKey": "vpk-07g",
  "published": true,
  "slug": {
    "ru": "vpk-07g",
    "en": "vpk-07g"
  },
  "title": {
    "ru": "Покрытие ВПК-07Г",
    "en": "VPK-07G"
  },
  "excerpt": {
    "ru": "Водное графитовое противопригарное покрытие для чугунных форм и стержней, рассчитанное на массовое производство с устойчивой защитой от пригара и удобной зачисткой.",
    "en": "Water-based graphite anti-penetration coating for iron moulds and cores, designed for mass production with stable burn-on protection and easy fettling."
  },
  "content": {},
  "category": "Противопригарные покрытия",
  "process": [
    "Колд-Бокс",
    "ЖСС",
    "ПГС"
  ],
  "base": [
    "Водное"
  ],
  "filler": [
    "Графит"
  ],
  "metals": [
    "Чугун"
  ],
  "auxiliary": [],
  "updatedAt": "2025-02-14T00:00"
}
