{
  "slugKey": "coating-barrier-magnesium",
  "published": true,
  "slug": {
    "ru": "pokrytie-barernoe-magniy",
    "en": "barrier-magnesium-coating"
  },
  "title": {
    "ru": "Барьерное покрытие с алюмосиликатом и магнезитом",
    "en": "Barrier coating with aluminosilicate and magnesite"
  },
  "excerpt": {
    "ru": "Обеспечивает устойчивость форм при ЛГМ и ЖСС процессах с высокими температурами.",
    "en": "Provides high-temperature stability for V-Process and lost foam moulding."
  },
  "content": {
    "ru": null,
    "en": null
  },
  "category": "coatings",
  "process": [
    "lgm",
    "liquid-glass"
  ],
  "base": [
    "water-based"
  ],
  "filler": [
    "aluminosilicate",
    "magnesite",
    "chromite"
  ],
  "image": "uploads/catalog-coating-barrier.svg",
  "updatedAt": "2024-03-04T08:20"
}
