{
  "slugKey": "fk-30",
  "published": true,
  "slug": {
    "ru": "fk-30",
    "en": "fk-30"
  },
  "title": {
    "ru": "Смола ФК-30",
    "en": "FK-30"
  },
  "excerpt": {
    "ru": "Фурановая смола для фуран-процесса. Обеспечивает повышенную прочность и ускоренное отверждение смесей для отливок из стали и чугуна.",
    "en": "Furan resin for the furan process. Delivers higher strength and faster curing for steel and iron molds."
  },
  "content": {},
  "category": "Связующие",
  "process": [
    "Фуран"
  ],
  "base": [],
  "filler": [],
  "metals": [],
  "auxiliary": [],
  "updatedAt": "2025-11-27T15:27"
}
