{
  "slugKey": "nodulant",
  "published": true,
  "slug": {
    "ru": "nodulant",
    "en": "nodulant"
  },
  "title": {
    "ru": "Нодулант",
    "en": "Nodulant"
  },
  "excerpt": {
    "ru": "Нодулант — продукт категории «Вспомогательные материалы» для литейного производства.",
    "en": "Nodulant is part of the \"Вспомогательные материалы\" line for foundry workflows."
  },
  "content": {},
  "category": "Вспомогательные материалы",
  "process": [],
  "base": [],
  "filler": [],
  "metals": [],
  "auxiliary": [
    "Модификатор"
  ],
  "updatedAt": "2025-11-27T14:58"
}
