{
  "slugKey": "kley-kfs-01",
  "published": true,
  "slug": {
    "ru": "kley-kfs-01",
    "en": "kley-kfs-01"
  },
  "title": {
    "ru": "Клей КФС-01",
    "en": "Kley KFS-01"
  },
  "excerpt": {
    "ru": "Фенольный клей-паста в тубах для склеивания и ремонта песчаных форм и стержней. Даёт прочный, термостойкий шов без повышения газовыделения.",
    "en": "Ready-to-use adhesive paste in tubes for bonding and repairing sand molds and cores. Provides a strong, heat-resistant joint without increasing gas evolution."
  },
  "content": {},
  "category": "Вспомогательные материалы",
  "process": [],
  "base": [],
  "filler": [],
  "metals": [],
  "auxiliary": [
    "Клей"
  ],
  "updatedAt": "2025-11-27T14:57"
}
