{
  "slugKey": "catalyst-ok",
  "published": true,
  "slug": {
    "ru": "catalyst-ok",
    "en": "catalyst-ok"
  },
  "title": {
    "ru": "Катализатор серии ОК",
    "en": " Catalyst OK"
  },
  "excerpt": {
    "ru": "Катализатор серии ОК — продукт категории «Связующие» для литейного производства. процессы: Фуран",
    "en": "Catalyst OK is part of the \"Связующие\" line for foundry workflows. processes: Фуран"
  },
  "content": {},
  "category": "Связующие",
  "process": [
    "Фуран"
  ],
  "base": [],
  "filler": [],
  "metals": [],
  "auxiliary": [],
  "updatedAt": "2025-11-27T15:14"
}
