{
  "siteName": {
    "ru": "Интема Групп",
    "en": "Intema Group"
  },
  "tagline": {
    "ru": "Связующие материалы, противопригарные покрытия и вспомогательные решения для литейных производств",
    "en": "Binders, release coatings, and auxiliary supplies for foundries"
  },
  "contacts": {
    "email": "info@intemagroup.ru",
    "phone": "+7 (495) 357-25-50",
    "address": {
      "ru": "141241, Московская обл., г. Пушкино, мкр. Мамонтовка, ул. Центральная, д. 2, корп. Б, эт. 3, оф. 8",
      "en": "141241, Centralnaya St. 2, Bldg. B, Floor 3, Office 8, Mamontovka, Pushkino, Moscow Region"
    }
  },
  "seo": {
    "title": {
      "ru": "Интема Групп — поставки связующих и противопригарных материалов",
      "en": "Intema Group — binders and release coatings supplier"
    },
    "description": {
      "ru": "Поставляем связующие, противопригарные покрытия и вспомогательные материалы для стабильного литья и подготовки форм.",
      "en": "We supply binders, release coatings, and auxiliary materials to stabilise moulding and casting operations."
    },
    "ogTitle": {
      "ru": "Интема Групп — эксперты по материалам для литейного производства",
      "en": "Intema Group — specialists in foundry consumables"
    },
    "ogDescription": {
      "ru": "Помогаем литейным цехам снижать брак, ускорять подготовку форм и улучшать поверхность отливок.",
      "en": "We help foundries cut scrap, speed up mould preparation, and improve casting surface quality."
    },
    "ogImage": {
      "image": "uploads/og-default.svg",
      "alt": "Команда Интема Групп обсуждает применение противопригарных покрытий"
    },
    "canonicalBase": "https://intema.ru",
    "twitterHandle": "@IntemaGroup"
  },
  "meta": {
    "domain": "intema.ru",
    "robots": {
      "index": true,
      "follow": true
    }
  }
}