{
  "slugKey": "kb-a-b",
  "published": true,
  "slug": {
    "ru": "kb-a-b",
    "en": "kb-a-b"
  },
  "title": {
    "ru": "Связующие КБ-А, КБ-Б",
    "en": "KB-A-B"
  },
  "excerpt": {
    "ru": "Двухкомпонентная фенольная связующая система КБ-А / КБ-Б для Cold-Box-amin процесса. Обеспечивает высокую начальную и окончательную прочность стержней, стабильное газовыделение и высокую производительность при стальном и чугунном литье при типичном расходе 0,4–0,8 % от массы песка.",
    "en": "KB-A / KB-B is a two-component phenolic binder system for the Cold-Box-amin process. It provides high initial and final core strength, controlled gas evolution and high productivity in iron and steel casting at a typical binder addition of 0.4–0.8 % of sand weight."
  },
  "badge": "bestseller",
  "content": {},
  "category": "Связующие",
  "process": [
    "Колд-Бокс"
  ],
  "base": [],
  "filler": [],
  "metals": [],
  "auxiliary": [],
  "updatedAt": "2025-11-27T15:30"
}
