{
  "slugKey": "vpk-gm02",
  "published": true,
  "slug": {
    "ru": "vpk-gm02",
    "en": "vpk-gm02"
  },
  "title": {
    "ru": "Покрытие ВПК-ГМ 02",
    "en": "VPK-GM 02"
  },
  "excerpt": {
    "ru": "Водное графитовое противопригарное покрытие для чугунного литья, снижает пригар и объём зачистки, стабильно работает на ХТС- и жидкостекольных смесях.",
    "en": "Water-based graphite anti-penetration coating for iron castings, minimizing burn-on and fettling time, stable on no-bake and sodium-silicate sands."
  },
  "content": {},
  "category": "Противопригарные покрытия",
  "process": [
    "Колд-Бокс",
    "ЖСС",
    "ПГС",
    "ЛГМ"
  ],
  "base": [
    "Водное"
  ],
  "filler": [
    "Графит"
  ],
  "metals": [
    "Чугун"
  ],
  "auxiliary": [],
  "updatedAt": "2025-02-14T00:00"
}
