{
  "slugKey": "rp-2-1",
  "published": true,
  "slug": {
    "ru": "rp-2-1",
    "en": "rp-2-1"
  },
  "title": {
    "ru": "Разделительный состав РП-2.1",
    "en": "RP-2.1"
  },
  "excerpt": {
    "ru": "Разделительное покрытие для форм и стержней Cold-Box-Amin; даёт тонкую плёнку на стержневых ящиках, снижает усилие выбивки сложных стержней и уменьшает налипание смеси.",
    "en": "Release coating for Cold-Box-Amin cores; forms a thin film on core boxes, reduces stripping force for complex cores and limits sand build-up on tooling."
  },
  "content": {},
  "category": "Вспомогательные материалы",
  "process": [
    "Колд-Бокс"
  ],
  "base": [],
  "filler": [],
  "metals": [],
  "auxiliary": [
    "Разделительный состав"
  ],
  "updatedAt": "2025-11-27T15:16"
}
