{
  "slugKey": "pokrytie-pk-60c",
  "published": true,
  "slug": {
    "ru": "pokrytie-pk-60c",
    "en": "pokrytie-pk-60c"
  },
  "title": {
    "ru": "Покрытие ПК-60Ц",
    "en": "Покрытие ПК-60Ц"
  },
  "excerpt": {
    "ru": "Описание будет добавлено позже",
    "en": "Description will be added later"
  },
  "content": {
    "ru": null,
    "en": null
  },
  "category": "coatings",
  "process": [
    "alpha-set",
    "furan",
    "resol-co2",
    "liquid-glass",
    "pep-set",
    "croning"
  ],
  "base": [
    "alcohol-based"
  ],
  "filler": [],
  "auxiliary": [],
  "updatedAt": "2025-11-24T14:10:44.066Z"
}