{
  "slugKey": "pk-90m",
  "published": true,
  "slug": {
    "ru": "pk-90m",
    "en": "pk-90m"
  },
  "title": {
    "ru": "Покрытие ПК-90М",
    "en": "PK-90M"
  },
  "excerpt": {
    "ru": "Спиртовое магнезитовое противопригарное покрытие для литья марганцовистых и высокотемпературных сталей; выдерживает экстремальные тепловые нагрузки и обеспечивает чистую поверхность отливок.",
    "en": "Alcohol-based magnesite foundry coating for manganese and high-temperature steels; withstands extreme thermal loads and delivers a clean casting surface."
  },
  "content": {},
  "category": "Противопригарные покрытия",
  "process": [
    "Альфа-cет",
    "Фуран",
    "Резол-CO₂",
    "ЖСС",
    "Пеп-сет",
    "Кронинг"
  ],
  "base": [
    "Спиртовое"
  ],
  "filler": [],
  "metals": [],
  "auxiliary": [],
  "updatedAt": "2025-12-04T09:19"
}
