{
  "slugKey": "pk-7c",
  "published": true,
  "slug": {
    "ru": "pk-7c",
    "en": "pk-7c"
  },
  "title": {
    "ru": "Покрытие ПК-7Ц",
    "en": "PK-7C"
  },
  "excerpt": {
    "ru": "Спиртовое циркониевое противопригарное покрытие повышенной вязкости: даёт ровный, «кремовый» слой без подтёков и борозд и надёжно защищает стальные, чугунные и цветные отливки от пригара.",
    "en": "High-viscosity alcohol-based zircon coating that provides a smooth “cream-like” layer without runs or streaks and reliably protects steel, cast iron and non-ferrous castings against burn-on."
  },
  "content": {},
  "category": "Противопригарные покрытия",
  "process": [
    "Альфа-cет",
    "Фуран",
    "Резол-CO₂",
    "ЖСС",
    "Пеп-сет",
    "Кронинг"
  ],
  "base": [
    "Спиртовое"
  ],
  "filler": [],
  "metals": [],
  "auxiliary": [],
  "updatedAt": "2025-12-04T09:11"
}
