{
  "slugKey": "rp-3",
  "published": true,
  "slug": {
    "ru": "rp-3",
    "en": "rp-3"
  },
  "title": {
    "ru": "Разделительный состав РП-3",
    "en": "RP-3"
  },
  "excerpt": {
    "ru": "Разделительный состав РП-3 — продукт категории «Вспомогательные материалы» для литейного производства. процессы: ПГС",
    "en": "RP-3 is part of the \"Вспомогательные материалы\" line for foundry workflows. processes: ПГС"
  },
  "content": {},
  "category": "Вспомогательные материалы",
  "process": [
    "ПГС"
  ],
  "base": [],
  "filler": [],
  "metals": [],
  "auxiliary": [
    "Разделительный состав"
  ],
  "updatedAt": "2025-11-27T15:17"
}
