{
  "slugKey": "vpk-90m",
  "published": true,
  "slug": {
    "ru": "vpk-90m",
    "en": "vpk-90m"
  },
  "title": {
    "ru": "Покрытие ВПК-90М",
    "en": "VPK-90M"
  },
  "excerpt": {
    "ru": "Водное магнезитовое противопригарное покрытие для отливок из марганцовистых сталей, рассчитанное на экстремальные тепловые и химические нагрузки.",
    "en": "Water-based magnesite anti-penetration coating for high-manganese steel castings, engineered for extreme thermal and chemical loads."
  },
  "content": {},
  "category": "Противопригарные покрытия",
  "process": [
    "Колд-Бокс",
    "ЖСС",
    "ПГС"
  ],
  "base": [
    "Водное"
  ],
  "filler": [
    "Магнезит"
  ],
  "metals": [
    "Сталь"
  ],
  "auxiliary": [],
  "updatedAt": "2025-02-14T00:00"
}
