{
  "id": "products",
  "published": true,
  "slug": {
    "ru": "products",
    "en": "products"
  },
  "title": {
    "ru": "Продукция",
    "en": "Products"
  },
  "description": {
    "ru": "Продукты и решения Интема Групп для литейного производства.",
    "en": "Intema Group products and solutions for foundry production."
  },
  "excerpt": {
    "ru": "Каталог связующих систем, противопригарных покрытий и вспомогательных материалов.",
    "en": "Catalogue of binder systems, release coatings, and auxiliary materials."
  },
  "content": {},
  "hero": {
    "image": "/uploads/Продукция/hero/image.jpg",
    "alt": {
      "ru": "Ассортимент материалов Интема Групп для литейного производства",
      "en": "Intema Group product range for foundry production"
    }
  },
  "seo": {
    "title": {
      "ru": "Продукция Интема Групп",
      "en": "Intema Group Products"
    },
    "description": {
      "ru": "Связующие системы, противопригарные покрытия и материалы для стабильного литья.",
      "en": "Binder systems, release coatings, and materials for stable casting."
    },
    "ogTitle": {
      "ru": "Материалы и решения Интема Групп",
      "en": "Intema Group materials and solutions"
    },
    "ogDescription": {
      "ru": "Готовые решения под задачи литейных цехов и техническая поддержка внедрения.",
      "en": "Ready-made solutions for foundry teams with implementation support."
    },
    "ogImage": {
      "alt": "Продукция Интема Групп"
    }
  },
  "updatedAt": "2025-11-24T12:00:00.000Z"
}
