{
  "slugKey": "fk-70",
  "published": true,
  "slug": {
    "ru": "fk-70",
    "en": "fk-70"
  },
  "title": {
    "ru": "Смола ФК-70",
    "en": "FK-70"
  },
  "excerpt": {
    "ru": "Фурановая смола, отверждаемая ортофосфорной кислотой. Применяется при производстве отливок из чугуна.",
    "en": "Furan resin cured with orthophosphoric acid. Designed for iron casting applications."
  },
  "content": {},
  "category": "Связующие",
  "process": [
    "Фуран"
  ],
  "base": [],
  "filler": [],
  "metals": [],
  "auxiliary": [],
  "updatedAt": "2025-11-27T15:27"
}
