{
  "siteName": {
    "ru": "Интема Групп",
    "en": "Intema Group"
  },
  "tagline": {
    "ru": "Связующие материалы, противопригарные покрытия и вспомогательные решения для литейных производств",
    "en": "Binders, release coatings, and auxiliary supplies for foundries"
  },
  "contacts": {
    "email": "info@intema.ru",
    "phone": "+7 (495) 357-25-50",
    "address": {
      "ru": "141241, Московская обл., г. Пушкино, мкр. Мамонтовка, ул. Центральная, д. 2, корп. Б, эт. 3, оф. 8",
      "en": "141241, Centralnaya St. 2, Bldg. B, Floor 3, Office 8, Mamontovka, Pushkino, Moscow Region"
    }
  },
  "defaultSeo": {
    "ru": {
      "title": "Интема Групп — поставки материалов для литья",
      "description": "Комплексные поставки связующих, противопригарных покрытий и вспомогательных материалов для литейных цехов.",
      "ogImage": {
        "image": "uploads/og-default.svg",
        "alt": "Команда Интема Групп обсуждает противопригарные решения"
      }
    },
    "en": {
      "title": "Intema Group — foundry materials supplier",
      "description": "Comprehensive deliveries of binders, release coatings, and auxiliary consumables for foundry shops.",
      "ogImage": {
        "image": "uploads/og-default.svg",
        "alt": "Intema Group team reviewing release agent applications"
      }
    }
  },
  "meta": {
    "domain": "https://intema.ru",
    "robots": {
      "index": true,
      "follow": true
    }
  }
}