{
  "slugKey": "aips",
  "published": true,
  "slug": {
    "ru": "aips",
    "en": "aips"
  },
  "title": {
    "ru": "АИПС",
    "en": "AIPS"
  },
  "excerpt": {
    "ru": "АИПС — продукт категории «Противопригарные покрытия» для литейного производства. основа: Спиртовое",
    "en": "AIPS is part of the \"Противопригарные покрытия\" line for foundry workflows. base: Спиртовое"
  },
  "content": {},
  "category": "Противопригарные покрытия",
  "process": [],
  "base": [
    "Спиртовое"
  ],
  "filler": [],
  "metals": [],
  "auxiliary": [
    "Вспомогательный материал"
  ],
  "updatedAt": "2025-11-26T16:11"
}
