{
  "id": "about",
  "published": true,
  "slug": {
    "ru": "about",
    "en": "about"
  },
  "title": {
    "ru": "О компании",
    "en": "About"
  },
  "description": {
    "ru": "Интема Групп поставляет связующие системы, противопригарные покрытия и вспомогательные материалы для литейного производства.",
    "en": "Intema Group supplies binder systems, release coatings, and auxiliary materials for foundry production."
  },
  "excerpt": {
    "ru": "Рассказываем, кто мы, как поддерживаем литейные цеха и какие сервисы предоставляем.",
    "en": "Learn who we are, how we support foundries, and which services we provide."
  },
  "content": {},
  "hero": {
    "alt": {}
  },
  "seo": {
    "title": {
      "ru": "О компании Интема Групп",
      "en": "About Intema Group"
    },
    "description": {
      "ru": "10 лет поставок связующих, противопригарных покрытий и сервисного сопровождения литейных предприятий.",
      "en": "10 years of delivering binders, release coatings, and technical support for foundry teams."
    },
    "ogTitle": {
      "ru": "Интема Групп — материалы и сервис для литейных цехов",
      "en": "Intema Group — materials and service for foundry shops"
    },
    "ogDescription": {
      "ru": "Подбираем рецептуры под требования клиентов и гарантируем внедрение под ключ.",
      "en": "We match formulations to customer requirements and guide end-to-end implementation."
    },
    "ogImage": {
      "alt": "Офис Интема Групп и команда специалистов"
    }
  },
  "updatedAt": "2025-11-24T08:30"
}
