{
  "slugKey": "rp-2-1",
  "published": true,
  "slug": {
    "ru": "rp-2-1",
    "en": "rp-2-1"
  },
  "title": {
    "ru": "Разделительный состав РП-2.1",
    "en": "RP-2.1"
  },
  "excerpt": {
    "ru": "Разделительный состав РП-2.1 — продукт категории «Вспомогательные материалы» для литейного производства. процессы: Колд-Бокс",
    "en": "RP-2.1 is part of the \"Вспомогательные материалы\" line for foundry workflows. processes: Колд-Бокс"
  },
  "content": {},
  "category": "Вспомогательные материалы",
  "process": [
    "Колд-Бокс"
  ],
  "base": [],
  "filler": [],
  "metals": [],
  "auxiliary": [
    "Разделительный состав"
  ],
  "updatedAt": "2025-11-27T15:16"
}
