{
  "slugKey": "pk-55h",
  "published": true,
  "slug": {
    "ru": "pk-55h",
    "en": "pk-55h"
  },
  "title": {
    "ru": "Покрытие ПК-55Х",
    "en": "PK-55H"
  },
  "excerpt": {
    "ru": "Спиртовое хромитовое противопригарное покрытие с «захолаживающим» эффектом: для горячих узлов стальных и чугунных отливок или как альтернатива хромитовому песку.",
    "en": "Alcohol-based chromite coating with a local “chilling” effect: for hot spots in steel and cast iron castings or as an alternative to chromite sand."
  },
  "content": {},
  "category": "Противопригарные покрытия",
  "process": [
    "Альфа-cет",
    "Фуран",
    "Резол-CO₂",
    "ЖСС",
    "Пеп-сет",
    "Кронинг"
  ],
  "base": [
    "Спиртовое"
  ],
  "filler": [],
  "metals": [],
  "auxiliary": [],
  "updatedAt": "2025-12-04T09:19"
}
