{
  "slugKey": "otverditel-a",
  "published": true,
  "slug": {
    "ru": "otverditel-a",
    "en": "otverditel-a"
  },
  "title": {
    "ru": "Отвердитель серии А",
    "en": "Otverditel A"
  },
  "excerpt": {
    "ru": "Отвердитель серии А — продукт категории «Связующие» для литейного производства. процессы: Альфа-cет",
    "en": "Otverditel A is part of the \"Связующие\" line for foundry workflows. processes: Альфа-cет"
  },
  "content": {},
  "category": "Связующие",
  "process": [
    "Альфа-cет"
  ],
  "base": [],
  "filler": [],
  "metals": [],
  "auxiliary": [],
  "updatedAt": "2025-11-27T15:15"
}
