{
  "slugKey": "vpk-01gc",
  "published": true,
  "slug": {
    "ru": "vpk-01gc",
    "en": "vpk-01gc"
  },
  "title": {
    "ru": "Покрытие ВПК-01ГЦ",
    "en": "VPK-01GC"
  },
  "excerpt": {
    "ru": "Покрытие ВПК-01ГЦ — продукт категории «Противопригарные покрытия» для литейного производства. процессы: ПГС; основа: Водное",
    "en": "VPK-01GC is part of the \"Противопригарные покрытия\" line for foundry workflows. processes: ПГС; base: Водное"
  },
  "content": {},
  "category": "Противопригарные покрытия",
  "process": [
    "ПГС"
  ],
  "base": [
    "Водное"
  ],
  "filler": [],
  "metals": [],
  "auxiliary": [],
  "updatedAt": "2025-11-27T15:22"
}
