{
  "slugKey": "otverditel-am",
  "published": true,
  "slug": {
    "ru": "otverditel-am",
    "en": "otverditel-am"
  },
  "title": {
    "ru": "Отвердитель серии АМ",
    "en": "Otverditel AM"
  },
  "excerpt": {
    "ru": "Отвердитель серии АМ — продукт категории «Связующие» для литейного производства. процессы: ЖСС",
    "en": "Otverditel AM is part of the \"Связующие\" line for foundry workflows. processes: ЖСС"
  },
  "content": {},
  "category": "Связующие",
  "process": [
    "ЖСС"
  ],
  "base": [],
  "filler": [],
  "metals": [],
  "auxiliary": [],
  "updatedAt": "2025-11-27T15:15"
}
