{
  "slugKey": "cleaner-os-1",
  "published": true,
  "slug": {
    "ru": "cleaner-os-1",
    "en": "cleaner-os-1"
  },
  "title": {
    "ru": "Отмывающий состав ОС-1",
    "en": "Cleaner OS-1"
  },
  "excerpt": {
    "ru": "Очищающий состав для быстрого удаления смоляных отложений с оснастки и стержневых ящиков; разрыхляет плёнку смеси без повреждения металла и сокращает время ручной зачистки.",
    "en": "Cleaning compound for fast removal of cured resin deposits from tooling and core boxes; softens build-up without damaging metal surfaces and helps to cut manual cleaning time."
  },
  "content": {},
  "category": "Вспомогательные материалы",
  "process": [],
  "base": [],
  "filler": [],
  "metals": [],
  "auxiliary": [
    "Отмывающий состав"
  ],
  "updatedAt": "2025-11-27T15:00"
}
