{
  "slugKey": "auxiliary-release",
  "published": true,
  "slug": {
    "ru": "vspomogatelnaya-razdelitelnaya-smazka",
    "en": "aux-release-agent"
  },
  "title": {
    "ru": "Разделительная смазка для форм",
    "en": "Mould release agent"
  },
  "excerpt": {
    "ru": "Повышает долговечность оснастки и облегчает выбивку стержней.",
    "en": "Extends tooling life and simplifies core knock-out."
  },
  "content": {
    "ru": null,
    "en": null
  },
  "category": "auxiliary",
  "process": [
    "cold-box",
    "liquid-glass"
  ],
  "base": [],
  "filler": [],
  "auxiliary": [
    "release-agent"
  ],
  "image": "uploads/catalog-aux-release.svg",
  "updatedAt": "2024-03-05T07:40"
}
