{
  "slugKey": "pk-72gc",
  "published": true,
  "slug": {
    "ru": "pk-72gc",
    "en": "pk-72gc"
  },
  "title": {
    "ru": "Покрытие ПК-72ГЦ",
    "en": "PK-72GC"
  },
  "excerpt": {
    "ru": "Спиртовое графито-циркониевое противопригарное покрытие — стандартное решение для чугунного литья: сочетает защиту от пригара и гладкую, «скользкую» поверхность формы.",
    "en": "Alcohol-based graphite–zircon foundry coating — a standard solution for cast iron: combines strong burn-on protection with a smooth, “slippery” mould surface."
  },
  "content": {},
  "category": "Противопригарные покрытия",
  "process": [
    "Альфа-cет",
    "Фуран",
    "Резол-CO₂",
    "ЖСС",
    "Пеп-сет",
    "Кронинг"
  ],
  "base": [
    "Спиртовое"
  ],
  "filler": [],
  "metals": [],
  "auxiliary": [],
  "updatedAt": "2025-12-04T09:19"
}
