{
  "slugKey": "sk-92",
  "published": true,
  "slug": {
    "ru": "sk-92",
    "en": "sk-92"
  },
  "title": {
    "ru": "Смола СК-92",
    "en": "SK-92"
  },
  "excerpt": {
    "ru": "Смола СК-92 — продукт категории «Связующие» для литейного производства. процессы: Кронинг",
    "en": "SK-92 is part of the \"Связующие\" line for foundry workflows. processes: Кронинг"
  },
  "content": {},
  "category": "Связующие",
  "process": [
    "Кронинг"
  ],
  "base": [],
  "filler": [],
  "metals": [],
  "auxiliary": [],
  "updatedAt": "2025-11-27T15:29"
}
