{
  "slugKey": "vpk-gm01",
  "published": true,
  "slug": {
    "ru": "vpk-gm01",
    "en": "vpk-gm01"
  },
  "title": {
    "ru": "Покрытие ВПК-ГМ 01",
    "en": "VPK-GM 01"
  },
  "excerpt": {
    "ru": "Водоразбавимое алюмосиликатное противопригарное покрытие для стальных и цветных отливок, снижает пригар и улучшает чистоту поверхности форм и стержней.",
    "en": "Water-dilutable aluminosilicate anti-penetration coating for steel and non-ferrous castings, reducing burn-on and improving mould and core surface quality."
  },
  "content": {},
  "category": "Противопригарные покрытия",
  "process": [
    "Колд-Бокс",
    "ЖСС",
    "ПГС",
    "ЛГМ"
  ],
  "base": [
    "Водное"
  ],
  "filler": [
    "Алюмосиликат"
  ],
  "metals": [
    "Сталь",
    "Цветные сплавы"
  ],
  "auxiliary": [],
  "updatedAt": "2025-02-14T00:00"
}
