{
  "slugKey": "fk-5",
  "published": true,
  "slug": {
    "ru": "fk-5",
    "en": "fk-5"
  },
  "title": {
    "ru": "Смола ФК-5",
    "en": "FK-5"
  },
  "excerpt": {
    "ru": "Смола ФК-5 — продукт категории «Связующие» для литейного производства. процессы: Фуран",
    "en": "FK-5 is part of the \"Связующие\" line for foundry workflows. processes: Фуран"
  },
  "content": {},
  "category": "Связующие",
  "process": [
    "Фуран"
  ],
  "base": [],
  "filler": [],
  "metals": [],
  "auxiliary": [],
  "updatedAt": "2025-11-27T15:28"
}
