{
  "slugKey": "kb-k",
  "published": true,
  "slug": {
    "ru": "kb-k",
    "en": "kb-k"
  },
  "title": {
    "ru": "Связующее КБ-К",
    "en": "KB-K"
  },
  "excerpt": {
    "ru": "Катализатор КБ-К — триэтиламиновый газовый отвердитель для Cold-Box-amin процесса. Обеспечивает быстрое и равномерное отверждение систем КБ-А / КБ-Б и КБ-А(Э) / КБ-Б(Э), с типичным расходом 0,5–1,5 кг на тонну песка и сроком хранения не менее 12 месяцев.",
    "en": "KB-K is a triethylamine-based gaseous catalyst for the Cold-Box-amin process. It ensures fast and uniform curing of KB-A / KB-B and KB-A(E) / KB-B(E) binder systems, with a typical consumption of 0.5–1.5 kg per tonne of sand and a shelf life of at least 12 months."
  },
  "badge": "special",
  "content": {},
  "category": "Катализатор",
  "process": [
    "Колд-Бокс"
  ],
  "base": [],
  "filler": [],
  "metals": [],
  "auxiliary": [],
  "updatedAt": "2025-02-26T00:00"
}
