{
  "slugKey": "eps-10",
  "published": true,
  "slug": {
    "ru": "eps-10",
    "en": "eps-10"
  },
  "title": {
    "ru": "ЭПС-10",
    "en": "EPS-10"
  },
  "excerpt": {
    "ru": "Экзотермическая покровная смесь для стальных прибылей. Формирует мощный теплоизолирующий слой, увеличивает время питания отливки и снижает риск усадочных дефектов.",
    "en": "Exothermic insulating cover powder for steel feeders. Builds a strong insulating layer, extends feeding time and reduces shrinkage defects in steel castings."
  },
  "content": {},
  "category": "Вспомогательные материалы",
  "process": [],
  "base": [],
  "filler": [],
  "metals": [],
  "auxiliary": [
    "Экзотермическая смесь"
  ],
  "updatedAt": "2025-03-14T00:00"
}
