{
  "slugKey": "fsm-a",
  "published": true,
  "slug": {
    "ru": "fsm-a",
    "en": "fsm-a"
  },
  "title": {
    "ru": "Смола ФСМ-А",
    "en": "FSM-A"
  },
  "excerpt": {
    "ru": "Смола ФСМ-А — продукт категории «Связующие» для литейного производства. процессы: Альфа-cет",
    "en": "FSM-A is part of the \"Связующие\" line for foundry workflows. processes: Альфа-cет"
  },
  "content": {},
  "category": "Связующие",
  "process": [
    "Альфа-cет"
  ],
  "base": [],
  "filler": [],
  "metals": [],
  "auxiliary": [],
  "updatedAt": "2025-11-27T15:29"
}
