{
  "processes": [
    {
      "value": "Альфа-cет",
      "label": "Альфа-сет",
      "order": 0
    },
    {
      "value": "ЖСС",
      "label": "ЖСС",
      "order": 1
    },
    {
      "value": "Кокиль",
      "label": "Кокиль",
      "order": 2
    },
    {
      "value": "Колд-Бокс",
      "label": "Колд-Бокс",
      "order": 3
    },
    {
      "value": "Кронинг",
      "label": "Кронинг",
      "order": 4
    },
    {
      "value": "ЛГМ",
      "label": "ЛГМ",
      "order": 5
    },
    {
      "value": "ПГС",
      "label": "ПГС",
      "order": 6
    },
    {
      "value": "Пеп-сет",
      "label": "Пеп-сет",
      "order": 7
    },
    {
      "value": "Резол-CO₂",
      "label": "Резол-CO₂",
      "order": 8
    },
    {
      "value": "Фуран",
      "label": "Фуран",
      "order": 9
    }
  ],
  "bases": [
    {
      "value": "Водное",
      "label": "Водное",
      "order": 0
    },
    {
      "value": "Спиртовое",
      "label": "Спиртовое",
      "order": 1
    }
  ],
  "fillers": [
    {
      "value": "Алюмосиликат",
      "label": "Алюмосиликат",
      "order": 0
    },
    {
      "value": "Графит",
      "label": "Графит",
      "order": 1
    },
    {
      "value": "Магнезит",
      "label": "Магнезит",
      "order": 2
    },
    {
      "value": "Хромит",
      "label": "Хромит",
      "order": 3
    },
    {
      "value": "Циркон",
      "label": "Циркон",
      "order": 4
    }
  ],
  "auxiliaries": [
    {
      "value": "Вспомогательный материал",
      "label": "Вспомогательный материал",
      "order": 0
    },
    {
      "value": "Клей",
      "label": "Клей",
      "order": 1
    },
    {
      "value": "Модификатор",
      "label": "Модификатор",
      "order": 2
    },
    {
      "value": "Отмывающий состав",
      "label": "Отмывающий состав",
      "order": 3
    },
    {
      "value": "Разделительный состав",
      "label": "Разделительный состав",
      "order": 4
    },
    {
      "value": "Ремонтная паста",
      "label": "Ремонтная паста",
      "order": 5
    },
    {
      "value": "Уплотнительный шнур",
      "label": "Уплотнительный шнур",
      "order": 6
    },
    {
      "value": "Экзотермическая смесь",
      "label": "Экзотермическая смесь",
      "order": 7
    }
  ],
  "metals": [
    {
      "value": "Сталь",
      "label": "Сталь",
      "order": 0
    },
    {
      "value": "Цветные сплавы",
      "label": "Цветные сплавы",
      "order": 1
    },
    {
      "value": "Чугун",
      "label": "Чугун",
      "order": 2
    }
  ]
}