{
  "slugKey": "kb-k",
  "published": true,
  "slug": {
    "ru": "kb-k",
    "en": "kb-k"
  },
  "title": {
    "ru": "Связующее КБ-К",
    "en": "KB-K"
  },
  "excerpt": {
    "ru": "Связующее КБ-К — продукт категории «Связующие» для литейного производства. процессы: Колд-Бокс",
    "en": "KB-K is part of the \"Связующие\" line for foundry workflows. processes: Колд-Бокс"
  },
  "content": {},
  "category": "Связующие",
  "process": [
    "Колд-Бокс"
  ],
  "base": [],
  "filler": [],
  "metals": [],
  "auxiliary": [],
  "updatedAt": "2025-11-27T15:30"
}
