{
  "slugKey": "pr-v",
  "published": true,
  "slug": {
    "ru": "pr-v",
    "en": "pr-v"
  },
  "title": {
    "ru": "Паста ПР-В",
    "en": "PR-V"
  },
  "excerpt": {
    "ru": "Паста ПР-В — продукт категории «Вспомогательные материалы» для литейного производства.",
    "en": "PR-V is part of the \"Вспомогательные материалы\" line for foundry workflows."
  },
  "content": {},
  "category": "Вспомогательные материалы",
  "process": [],
  "base": [],
  "filler": [],
  "metals": [],
  "auxiliary": [
    "Ремонтная паста"
  ],
  "updatedAt": "2025-11-27T15:17"
}
