{
  "slugKey": "inoculant",
  "published": true,
  "slug": {
    "ru": "inoculant",
    "en": "inoculant"
  },
  "title": {
    "ru": "Инокулант",
    "en": "Inoculant"
  },
  "excerpt": {
    "ru": "Инокулант — продукт категории «Вспомогательные материалы» для литейного производства.",
    "en": "Inoculant is part of the \"Вспомогательные материалы\" line for foundry workflows."
  },
  "content": {},
  "category": "Вспомогательные материалы",
  "process": [],
  "base": [],
  "filler": [],
  "metals": [],
  "auxiliary": [
    "Модификатор"
  ],
  "updatedAt": "2025-11-27T14:54"
}
