{
  "slugKey": "vpk-60c",
  "published": true,
  "slug": {
    "ru": "vpk-60c",
    "en": "vpk-60c"
  },
  "title": {
    "ru": "Покрытие ВПК-60Ц",
    "en": "VPK-60C"
  },
  "excerpt": {
    "ru": "Водное цирконовое противопригарное покрытие для отливок из углеродистой стали, обеспечивающее высокую огнеупорность слоя и чистую поверхность сложных форм и стержней.",
    "en": "Water-based zircon anti-penetration coating for carbon-steel castings, ensuring high layer refractoriness and clean surfaces on complex moulds and cores."
  },
  "content": {},
  "category": "Противопригарные покрытия",
  "process": [
    "Колд-Бокс",
    "ЖСС",
    "ПГС"
  ],
  "base": [
    "Водное"
  ],
  "filler": [
    "Циркон"
  ],
  "metals": [
    "Сталь"
  ],
  "auxiliary": [],
  "updatedAt": "2025-02-14T00:00"
}
