{
  "slugKey": "fk-10",
  "published": true,
  "slug": {
    "ru": "fk-10",
    "en": "fk-10"
  },
  "title": {
    "ru": "Смола ФК-10",
    "en": "FK-10"
  },
  "excerpt": {
    "ru": "Фенолфурановая смола для фуран-процесса. Сбалансированные прочностные характеристики и почти полное отсутствие запаха.",
    "en": "Phenol-furan resin for the furan process. Balanced strength with virtually no odor."
  },
  "content": {},
  "category": "Связующие",
  "process": [
    "Фуран"
  ],
  "base": [],
  "filler": [],
  "metals": [],
  "auxiliary": [],
  "updatedAt": "2025-11-27T15:27"
}
