{
  "id": "first-post",
  "published": true,
  "date": "2024-02-05T07:00:00.000Z",
  "slug": {
    "ru": "snizhenie-prigara-case-40",
    "en": "burn-on-defects-40"
  },
  "title": {
    "ru": "Как мы снизили пригар на алюминиевой линии на 40%",
    "en": "How we reduced burn-on defects on an aluminium line by 40%"
  },
  "description": {
    "ru": "Рассказываем, как подбор связующего и противопригарного покрытия помог стабилизировать выпуск отливок.",
    "en": "How a new binder and release coating combo stabilised casting output."
  },
  "excerpt": {
    "ru": "Показываем по шагам внедрение материалов Интема Групп и ключевые показатели проекта.",
    "en": "Step-by-step view of the Intema Group rollout and the metrics that mattered."
  },
  "content": {},
  "tags": [
    "binders",
    "release-coating",
    "foundry"
  ],
  "cover": {
    "image": {
      "src": "/uploads/news-burn-on-quality.svg",
      "width": 1200,
      "height": 630
    },
    "alt": {
      "ru": "Контроль качества отливок после нанесения нового покрытия",
      "en": "Inspecting castings after applying a new release coating"
    }
  },
  "seo": {
    "title": {
      "ru": "Снижение пригара на линии литья — опыт Интема Групп",
      "en": "Cutting burn-on defects — the Intema Group approach"
    },
    "description": {
      "ru": "Какие параметры связующего и покрытия помогли сократить пригар на 40% и уменьшить время очистки отливок.",
      "en": "The binder and coating parameters that cut burn-on by 40% and reduced cleaning time."
    },
    "ogTitle": {
      "ru": "Как мы улучшили чистоту поверхности отливок",
      "en": "How we improved casting surface quality"
    },
    "ogDescription": {
      "ru": "Делимся этапами проекта, испытаниями и сервисной поддержкой Интема Групп.",
      "en": "Project stages, trials, and Intema Group support in detail."
    },
    "ogImage": {
      "alt": "Литейная линия после внедрения нового покрытия"
    }
  },
  "updatedAt": "2024-02-12T12:15:00.000Z"
}
