{
  "headerLinks": [
    {
      "id": "home",
      "label": {
        "ru": "Главная",
        "en": "Home"
      },
      "path": {
        "ru": "",
        "en": ""
      },
      "externalUrl": "",
      "newTab": false,
      "order": 0
    },
    {
      "id": "products",
      "label": {
        "ru": "Продукция",
        "en": "Products"
      },
      "path": {
        "ru": "products",
        "en": "products"
      },
      "externalUrl": "",
      "newTab": false,
      "order": 10
    },
    {
      "id": "news",
      "label": {
        "ru": "Новости",
        "en": "News"
      },
      "path": {
        "ru": "news",
        "en": "news"
      },
      "externalUrl": "",
      "newTab": false,
      "order": 20
    },
    {
      "id": "about",
      "label": {
        "ru": "О компании",
        "en": "About"
      },
      "path": {
        "ru": "about",
        "en": "about"
      },
      "externalUrl": "",
      "newTab": false,
      "order": 30
    },
    {
      "id": "partners",
      "label": {
        "ru": "Партнёры",
        "en": "Partners"
      },
      "path": {
        "ru": "partners",
        "en": "partners"
      },
      "externalUrl": "",
      "newTab": false,
      "order": 40
    },
    {
      "id": "contacts",
      "label": {
        "ru": "Контакты",
        "en": "Contacts"
      },
      "path": {
        "ru": "contacts",
        "en": "contacts"
      },
      "externalUrl": "",
      "newTab": false,
      "order": 50
    }
  ],
  "footerLinks": [
    {
      "id": "footer-documents",
      "label": {
        "ru": "Документы",
        "en": "Documents"
      },
      "path": {
        "ru": "documents",
        "en": "documents"
      },
      "externalUrl": "",
      "newTab": false,
      "order": 10
    },
    {
      "id": "footer-catalog",
      "label": {
        "ru": "Каталог",
        "en": "Catalog"
      },
      "path": {
        "ru": "catalog",
        "en": "catalog"
      },
      "externalUrl": "",
      "newTab": false,
      "order": 20
    },
    {
      "id": "footer-news",
      "label": {
        "ru": "Новости",
        "en": "News"
      },
      "path": {
        "ru": "news",
        "en": "news"
      },
      "externalUrl": "",
      "newTab": false,
      "order": 40
    }
  ]
}
