{
  "slugKey": "fs-06co2",
  "published": true,
  "slug": {
    "ru": "fs-06co2",
    "en": "fs-06co2"
  },
  "title": {
    "ru": "Смола ФС-06CO₂",
    "en": "FS-06CO₂"
  },
  "excerpt": {
    "ru": "Резольная фенольная смола для Resol-CO₂ процесса; обеспечивает быстрое отверждение, высокую прочность и экологичность при производстве стальных и чугунных отливок.",
    "en": "Resol-type phenolic resin for the Resol-CO₂ process; offers fast curing, high strength and improved ecology for steel and iron castings."
  },
  "content": {},
  "category": "Связующие",
  "process": [
    "Резол-CO₂"
  ],
  "base": [],
  "filler": [],
  "metals": [],
  "auxiliary": [],
  "updatedAt": "2025-12-04T07:07"
}
