{
  "slugKey": "vpk-01gc",
  "published": true,
  "slug": {
    "ru": "vpk-01gc",
    "en": "vpk-01gc"
  },
  "title": {
    "ru": "Покрытие ВПК-01ГЦ",
    "en": "VPK-01GC"
  },
  "excerpt": {
    "ru": "Водное графит-цирконовое противопригарное покрытие для чугунного литья, сочетает чистую поверхность с лёгкой зачисткой и устойчиво работает в ПГС, ЖСС и ХТС.",
    "en": "Water-based graphite–zircon anti-penetration coating for iron castings, combining clean surface finish with easy fettling, suitable for green-sand, sodium-silicate and no-bake processes."
  },
  "content": {},
  "category": "Противопригарные покрытия",
  "process": [
    "Колд-Бокс",
    "ЖСС",
    "ПГС"
  ],
  "base": [
    "Водное"
  ],
  "filler": [
    "Графит",
    "Циркон"
  ],
  "metals": [
    "Чугун"
  ],
  "auxiliary": [],
  "updatedAt": "2025-02-14T00:00"
}
