{
  "slugKey": "svyazuyushchee-kb-k",
  "published": true,
  "slug": {
    "ru": "svyazuyushchee-kb-k",
    "en": "svyazuyushchee-kb-k"
  },
  "title": {
    "ru": "Связующее КБ-К",
    "en": "Связующее КБ-К"
  },
  "excerpt": {
    "ru": "Описание будет добавлено позже",
    "en": "Description will be added later"
  },
  "content": {
    "ru": null,
    "en": null
  },
  "category": "binders",
  "process": [
    "cold-box"
  ],
  "base": [],
  "filler": [],
  "auxiliary": [],
  "updatedAt": "2025-11-24T14:10:44.066Z"
}