{
  "slugKey": "fk-5",
  "published": true,
  "slug": {
    "ru": "fk-5",
    "en": "fk-5"
  },
  "title": {
    "ru": "Смола ФК-5",
    "en": "FK-5"
  },
  "excerpt": {
    "ru": "Фурановая смола с максимальным содержанием фурфурилового спирта. Премиальный выбор с высокой прочностью, реактивностью и сниженным газовыделением.",
    "en": "Furan resin with the highest furfuryl alcohol content. Premium strength, high reactivity, and reduced gas evolution."
  },
  "content": {},
  "category": "Связующие",
  "process": [
    "Фуран"
  ],
  "base": [],
  "filler": [],
  "metals": [],
  "auxiliary": [],
  "updatedAt": "2025-11-27T15:27"
}
