{
  "slugKey": "fs-02",
  "published": true,
  "slug": {
    "ru": "fs-02",
    "en": "fs-02"
  },
  "title": {
    "ru": "Смола ФС-02",
    "en": "FS-02"
  },
  "excerpt": {
    "ru": "Специальная низковязкая смола для холоднотвердеющих смесей. Обеспечивает тонкое покрытие песка и лёгкую регенерацию; особенно эффективна для мелких и тонкостенных отливок с высоким % регенерата.",
    "en": "Special low-viscosity Alphaset resin. Gives thin, even sand coating and easy reclamation; best suited for small, thin-walled castings with a high share of reclaimed sand."
  },
  "content": {},
  "category": "Связующие",
  "process": [
    "Альфа-cет"
  ],
  "base": [],
  "filler": [],
  "metals": [],
  "auxiliary": [],
  "updatedAt": "2025-11-27T15:26"
}
