{
  "slugKey": "ush-02",
  "published": true,
  "slug": {
    "ru": "ush-02",
    "en": "ush-02"
  },
  "title": {
    "ru": "Шнур УШ-02",
    "en": "USH-02"
  },
  "excerpt": {
    "ru": "Шнур УШ-02 — продукт категории «Вспомогательные материалы» для литейного производства.",
    "en": "USH-02 is part of the \"Вспомогательные материалы\" line for foundry workflows."
  },
  "content": {},
  "category": "Вспомогательные материалы",
  "process": [],
  "base": [],
  "filler": [],
  "metals": [],
  "auxiliary": [
    "Уплотнительный шнур"
  ],
  "updatedAt": "2025-11-27T15:25"
}
