{
  "siteName": {
    "ru": "Интема Групп",
    "en": "Intema Group"
  },
  "tagline": {
    "ru": "Связующие, противопригарные покрытия и вспомогательные материалы для литейного производства",
    "en": "Binders, foundry coatings and auxiliary materials for modern foundries"
  },
  "contacts": {
    "email": "info@intema.ru",
    "phone": "+7 495 357 25 50",
    "telegramUrl": "https://t.me/IntemaGroup",
    "address": {
      "ru": "Офис: г. Москва, Походный проезд, 14\n\nСклад / производство: г. Старая Купавна, ул. Бетонная, 9\n\nРежим работы:\nПн–Пт: 09:00–17:00\nСб–Вс: выходной",
      "en": "Office: 14 Pokhodny Proyezd, Moscow, Russia\n\nWarehouse / production: 9 Betonaya St, Staraya Kupavna, Russia\n\nWorking hours:\nMon–Fri: 09:00–17:00\nSat–Sun: closed"
    }
  },
  "footer": {
    "copyright": {
      "ru": "© {year} Интема Групп. Все права защищены.",
      "en": "© {year} Intema Group. All rights reserved."
    }
  },
  "seo": {
    "title": {
      "ru": "Интема Групп — материалы для литейного производства: связующие, покрытия, вспомогательные решения",
      "en": "Intema Group — binders, foundry coatings and auxiliary materials for foundries"
    },
    "description": {
      "ru": "Поставляем связующие, противопригарные покрытия и вспомогательные материалы для литейной промышленности — для стабильной работы формовочных линий и высокого качества отливок.",
      "en": "We supply binders, foundry coatings and auxiliary materials for the foundry industry to keep moulding lines stable and improve casting quality."
    },
    "ogTitle": {
      "ru": "Интема Групп — эксперты по материалам для литейного производства",
      "en": "Intema Group — specialists in foundry consumables"
    },
    "ogDescription": {
      "ru": "Помогаем литейным цехам снижать брак, ускорять подготовку форм и улучшать поверхность отливок.",
      "en": "We help foundries cut scrap, speed up mould preparation, and improve casting surface quality."
    },
    "ogImage": {
      "image": "/uploads/seo/ogImage/image.svg",
      "alt": "Команда Интема Групп обсуждает применение противопригарных покрытий"
    },
    "canonicalBase": "https://intema.ru"
  },
  "meta": {
    "domain": "intema.ru",
    "robots": {
      "index": true,
      "follow": true
    }
  }
}
