{
  "slugKey": "auxiliary-adhesive",
  "published": true,
  "slug": {
    "ru": "vspomogatelnij-kley-komplekt",
    "en": "aux-adhesive-kit"
  },
  "title": {
    "ru": "Клей-комплект для стержней",
    "en": "Core adhesive kit"
  },
  "excerpt": {
    "ru": "Быстро фиксирует стыки и герметизирует стержневые сборки.",
    "en": "Rapidly seals joints and stabilises assembled cores."
  },
  "content": {
    "ru": null,
    "en": null
  },
  "category": "auxiliary",
  "process": [
    "cold-box",
    "lgm"
  ],
  "base": [],
  "filler": [
    "aluminosilicate"
  ],
  "auxiliary": [
    "adhesive",
    "cord"
  ],
  "image": "uploads/catalog-binder-alpha.svg",
  "updatedAt": "2024-03-05T08:10"
}
