{
  "slugKey": "rp-2",
  "published": true,
  "slug": {
    "ru": "rp-2",
    "en": "rp-2"
  },
  "title": {
    "ru": "Разделительный состав РП-2",
    "en": "RP-2"
  },
  "excerpt": {
    "ru": "Разделительный состав РП-2 — продукт категории «Вспомогательные материалы» для литейного производства. процессы: Альфа-cет, Фуран, Резол-CO₂, ЖСС и Пеп-сет",
    "en": "RP-2 is part of the \"Вспомогательные материалы\" line for foundry workflows. processes: Альфа-cет, Фуран, Резол-CO₂, ЖСС and Пеп-сет"
  },
  "content": {},
  "category": "Вспомогательные материалы",
  "process": [
    "Альфа-cет",
    "Фуран",
    "Резол-CO₂",
    "ЖСС",
    "Пеп-сет"
  ],
  "base": [],
  "filler": [],
  "metals": [],
  "auxiliary": [
    "Разделительный состав"
  ],
  "updatedAt": "2025-11-27T15:16"
}
