{
  "title": {
    "ru": "Документы и сертификаты",
    "en": "Documents and certificates"
  },
  "description": {
    "ru": "Собрали сертификаты, техническую документацию и брошюры, которые помогут быстрее подобрать материалы и подтвердить требования.",
    "en": "Browse certificates, technical documents, and brochures that help you choose the right materials and confirm compliance."
  },
  "ogImage": null
}