{
  "slugKey": "fs-06co2",
  "published": true,
  "slug": {
    "ru": "fs-06co2",
    "en": "fs-06co2"
  },
  "title": {
    "ru": "Смола ФС-06CO₂",
    "en": "FS-06CO₂"
  },
  "excerpt": {
    "ru": "Смола ФС-06CO₂ — продукт категории «Связующие» для литейного производства. процессы: Резол-CO₂",
    "en": "FS-06CO₂ is part of the \"Связующие\" line for foundry workflows. processes: Резол-CO₂"
  },
  "content": {},
  "category": "Связующие",
  "process": [
    "Резол-CO₂"
  ],
  "base": [],
  "filler": [],
  "metals": [],
  "auxiliary": [],
  "updatedAt": "2025-11-27T15:29"
}
