{
  "slugKey": "pk-50a",
  "published": true,
  "slug": {
    "ru": "pk-50a",
    "en": "pk-50a"
  },
  "title": {
    "ru": "Покрытие ПК-50А",
    "en": "PK-50A"
  },
  "excerpt": {
    "ru": "Спиртовое циркониевое противопригарное покрытие для стального и особо ответственного чугунного литья; обеспечивает максимально чистую поверхность отливок даже в тяжёлых тепловых узлах.",
    "en": "Alcohol-based zircon foundry coating for demanding steel and critical cast iron castings, providing an exceptionally clean surface even in heavy hot spots."
  },
  "content": {},
  "category": "Противопригарные покрытия",
  "process": [
    "Альфа-cет",
    "Фуран",
    "Резол-CO₂",
    "ЖСС",
    "Пеп-сет",
    "Кронинг"
  ],
  "base": [
    "Спиртовое"
  ],
  "filler": [],
  "metals": [],
  "auxiliary": [],
  "updatedAt": "2025-11-27T15:18"
}
