{
  "slugKey": "pk-60c",
  "published": true,
  "slug": {
    "ru": "pk-60c",
    "en": "pk-60c"
  },
  "title": {
    "ru": "Покрытие ПК-60Ц",
    "en": "PK-60C"
  },
  "excerpt": {
    "ru": "Спиртовое циркониевое противопригарное покрытие для стального и чугунного литья; обеспечивает устойчивый антипригарный эффект и ровную поверхность отливок при стандартных требованиях к качеству.",
    "en": "Alcohol-based zircon coating for steel and cast iron castings, providing reliable anti-burn-on protection and a smooth surface finish for standard quality requirements."
  },
  "content": {},
  "category": "Противопригарные покрытия",
  "process": [
    "Альфа-cет",
    "Фуран",
    "Резол-CO₂",
    "ЖСС",
    "Пеп-сет",
    "Кронинг"
  ],
  "base": [
    "Спиртовое"
  ],
  "filler": [],
  "metals": [],
  "auxiliary": [],
  "updatedAt": "2025-11-27T15:22"
}
