{
  "slugKey": "ush-02",
  "published": true,
  "slug": {
    "ru": "ush-02",
    "en": "ush-02"
  },
  "title": {
    "ru": "Шнур УШ-02",
    "en": "USH-02"
  },
  "excerpt": {
    "ru": "Уплотняющий шнур для разъёмов литейных форм. Предотвращает уход металла через щели и вентиляцию стержней, снижает риск заливов и брака.",
    "en": "Sealing cord for mold joints and parting lines. Prevents molten metal from escaping through gaps and vents, reducing run-outs and casting defects."
  },
  "content": {},
  "category": "Вспомогательные материалы",
  "process": [],
  "base": [],
  "filler": [],
  "metals": [],
  "auxiliary": [
    "Уплотнительный шнур"
  ],
  "updatedAt": "2025-11-27T15:25"
}
