{
  "slugKey": "vpk-gm03",
  "published": true,
  "slug": {
    "ru": "vpk-gm03",
    "en": "vpk-gm03"
  },
  "title": {
    "ru": "Покрытие ВПК-ГМ 03",
    "en": "VPK-GM 03"
  },
  "excerpt": {
    "ru": "Водное цирконовое противопригарное покрытие для стального и чугунного литья с повышенной огнеупорностью и минимальным пригаром в термически нагруженных зонах.",
    "en": "Water-based zircon anti-penetration coating for steel and iron castings, providing high refractoriness and minimal burn-on in thermally loaded areas."
  },
  "content": {},
  "category": "Противопригарные покрытия",
  "process": [
    "Колд-Бокс",
    "ЖСС",
    "ПГС",
    "ЛГМ"
  ],
  "base": [
    "Водное"
  ],
  "filler": [
    "Циркон"
  ],
  "metals": [
    "Сталь",
    "Чугун"
  ],
  "auxiliary": [],
  "updatedAt": "2025-02-14T00:00"
}
