{
  "slugKey": "kb-a-b",
  "published": true,
  "slug": {
    "ru": "kb-a-b",
    "en": "kb-a-b"
  },
  "title": {
    "ru": "Связующие КБ-А, КБ-Б",
    "en": "KB-A-B"
  },
  "excerpt": {
    "ru": "Связующие КБ-А, КБ-Б — продукт категории «Связующие» для литейного производства. процессы: Колд-Бокс",
    "en": "KB-A-B is part of the \"Связующие\" line for foundry workflows. processes: Колд-Бокс"
  },
  "content": {},
  "category": "Связующие",
  "process": [
    "Колд-Бокс"
  ],
  "base": [],
  "filler": [],
  "metals": [],
  "auxiliary": [],
  "updatedAt": "2025-11-27T15:30"
}
