{
  "slugKey": "fs-03",
  "published": true,
  "slug": {
    "ru": "fs-03",
    "en": "fs-03"
  },
  "title": {
    "ru": "Смола ФС-03",
    "en": "FS-03"
  },
  "excerpt": {
    "ru": "Щелочная фенольная смола для процесса Альфа-сет. Обеспечивает высокую прочность форм и умеренное газовыделение; универсальный выбор для стальных и чугунных отливок.",
    "en": "Alkaline phenolic resin for the Alphaset process. Provides high mould strength and controlled gas evolution; standard choice for steel and iron castings."
  },
  "content": {},
  "category": "Связующие",
  "process": [
    "Альфа-cет"
  ],
  "base": [],
  "filler": [],
  "metals": [],
  "auxiliary": [],
  "updatedAt": "2025-11-27T15:26"
}
