{
  "slugKey": "vpk-gm01",
  "published": true,
  "slug": {
    "ru": "vpk-gm01",
    "en": "vpk-gm01"
  },
  "title": {
    "ru": "Покрытие ВПК-ГМ01",
    "en": "VPK-GM01"
  },
  "excerpt": {
    "ru": "Покрытие ВПК-ГМ01 — продукт категории «Противопригарные покрытия» для литейного производства. процессы: ЛГМ; основа: Водное",
    "en": "VPK-GM01 is part of the \"Противопригарные покрытия\" line for foundry workflows. processes: ЛГМ; base: Водное"
  },
  "content": {},
  "category": "Противопригарные покрытия",
  "process": [
    "ЛГМ"
  ],
  "base": [
    "Водное"
  ],
  "filler": [],
  "metals": [],
  "auxiliary": [],
  "updatedAt": "2025-11-27T15:23"
}
