{
  "slugKey": "kley-kfs-02",
  "published": true,
  "slug": {
    "ru": "kley-kfs-02",
    "en": "kley-kfs-02"
  },
  "title": {
    "ru": "Клей КФС-02",
    "en": "Kley KFS-02"
  },
  "excerpt": {
    "ru": "Клей КФС-02 — продукт категории «Вспомогательные материалы» для литейного производства.",
    "en": "Kley KFS-02 is part of the \"Вспомогательные материалы\" line for foundry workflows."
  },
  "content": {},
  "category": "Вспомогательные материалы",
  "process": [],
  "base": [],
  "filler": [],
  "metals": [],
  "auxiliary": [
    "Клей"
  ],
  "updatedAt": "2025-11-27T14:57"
}
