{
  "slugKey": "pk-57g",
  "published": true,
  "slug": {
    "ru": "pk-57g",
    "en": "pk-57g"
  },
  "title": {
    "ru": "Покрытие ПК-57Г",
    "en": "PK-57G"
  },
  "excerpt": {
    "ru": "Спиртовое графит-оксиджелезное противопригарное покрытие для чугунных отливок; обеспечивает прочный, термостойкий слой и стабильное качество поверхности сложных деталей.",
    "en": "Alcohol-based graphite–iron oxide foundry coating for cast iron castings; provides a strong, heat-resistant layer and stable surface quality on complex parts."
  },
  "content": {},
  "category": "Противопригарные покрытия",
  "process": [
    "Альфа-cет",
    "Фуран",
    "Резол-CO₂",
    "ЖСС",
    "Пеп-сет",
    "Кронинг"
  ],
  "base": [
    "Спиртовое"
  ],
  "filler": [],
  "metals": [],
  "auxiliary": [],
  "updatedAt": "2025-12-04T09:23"
}
