{
  "slugKey": "otverditel-a",
  "published": true,
  "slug": {
    "ru": "otverditel-a",
    "en": "otverditel-a"
  },
  "title": {
    "ru": "Отвердитель серии А",
    "en": "Otverditel A"
  },
  "excerpt": {
    "ru": "Сложноэфирные отвердители для щелочных фенольных смол Альфа-сет. Позволяют задавать время жизни смеси от нескольких минут до почти часа, подбирая марку от A-2 до A-60.",
    "en": "Ester-type hardeners for alkaline phenolic Alphaset resins. Provide bench life from a few minutes up to nearly one hour by selecting the grade from A-2 to A-60."
  },
  "content": {},
  "category": "Связующие",
  "process": [
    "Альфа-cет"
  ],
  "base": [],
  "filler": [],
  "metals": [],
  "auxiliary": [],
  "updatedAt": "2025-11-27T15:15"
}
