{
  "slugKey": "rp-3",
  "published": true,
  "slug": {
    "ru": "rp-3",
    "en": "rp-3"
  },
  "title": {
    "ru": "Разделительный состав РП-3",
    "en": "RP-3"
  },
  "excerpt": {
    "ru": "Разделительное покрытие для форм из песчано-глинистых смесей; облегчает съём отливки, улучшает качество поверхности и позволяет выполнять несколько заливок после одного нанесения.",
    "en": "Release coating for moulds made with green sand; improves stripping and surface finish and supports multiple pours after a single application."
  },
  "content": {},
  "category": "Вспомогательные материалы",
  "process": [
    "ПГС"
  ],
  "base": [],
  "filler": [],
  "metals": [],
  "auxiliary": [
    "Разделительный состав"
  ],
  "updatedAt": "2025-11-27T15:17"
}
