{
  "slugKey": "sfu",
  "published": true,
  "slug": {
    "ru": "sfu",
    "en": "sfu"
  },
  "title": {
    "ru": "Связующие СФУ-1, СФУ-2, СФУ-3К",
    "en": "SFU"
  },
  "excerpt": {
    "ru": "Трёхкомпонентная фенол-уретановая система Pep-set (СФУ-1/СФУ-2/СФУ-3К) для изготовления форм и стержней без выпечки; обеспечивает высокую прочность, контролируемое отверждение и низкое газовыделение для отливок из чугуна, стали и цветных сплавов.",
    "en": "Three-component phenolic urethane Pep-set binder system (SFU-1/SFU-2/SFU-3K) for no-bake moulds and cores; delivers high strength, controlled curing and low gas evolution for cast iron, steel and non-ferrous alloys."
  },
  "content": {},
  "category": "Связующие",
  "process": [
    "Пеп-сет"
  ],
  "base": [],
  "filler": [],
  "metals": [],
  "auxiliary": [],
  "updatedAt": "2025-11-27T15:32"
}
