{
  "slugKey": "fk-10",
  "published": true,
  "slug": {
    "ru": "fk-10",
    "en": "fk-10"
  },
  "title": {
    "ru": "Смола ФК-10",
    "en": "FK-10"
  },
  "excerpt": {
    "ru": "Смола ФК-10 — продукт категории «Связующие» для литейного производства. процессы: Фуран",
    "en": "FK-10 is part of the \"Связующие\" line for foundry workflows. processes: Фуран"
  },
  "content": {},
  "category": "Связующие",
  "process": [
    "Фуран"
  ],
  "base": [],
  "filler": [],
  "metals": [],
  "auxiliary": [],
  "updatedAt": "2025-11-27T15:27"
}
