{
  "slugKey": "aips",
  "published": true,
  "slug": {
    "ru": "aips",
    "en": "aips"
  },
  "title": {
    "ru": "АИПС",
    "en": "AIPS"
  },
  "excerpt": {
    "ru": "Высокочистый абсолютированный изопропиловый спирт по ГОСТ — растворитель и разбавитель для спиртовых противопригарных покрытий и универсальное средство для обезжиривания форм и оснастки.",
    "en": "High-purity absolute isopropyl alcohol according to GOST. Used as a diluent for alcohol-based foundry coatings and as a universal cleaner and degreaser for moulds and equipment."
  },
  "content": {},
  "category": "Вспомогательные материалы",
  "process": [],
  "base": [],
  "filler": [],
  "metals": [],
  "auxiliary": [
    "Вспомогательный материал"
  ],
  "updatedAt": "2025-03-14T00:00"
}
