{
  "id": "news",
  "published": true,
  "slug": {
    "ru": "news",
    "en": "news"
  },
  "title": {
    "ru": "Новости и материалы",
    "en": "News and articles"
  },
  "description": {
    "ru": "Свежие новости и обновления Интема Групп.",
    "en": "Latest news and updates from Intema Group."
  },
  "excerpt": {
    "ru": "Анонсы, релизы и события компании.",
    "en": "Company announcements, releases, and events."
  },
  "content": {},
  "hero": {
    "alt": {}
  },
  "seo": {
    "title": {
      "ru": "Новости Интема Групп",
      "en": "Intema Group News"
    },
    "description": {
      "ru": "Лента новостей и материалов о работе компании и продукции.",
      "en": "News feed and materials about the company and its products."
    },
    "ogTitle": {
      "ru": "Новости и анонсы Интема Групп",
      "en": "Intema Group news and announcements"
    },
    "ogDescription": {
      "ru": "Следите за обновлениями продукции и событиями компании.",
      "en": "Follow product updates and company events."
    },
    "ogImage": {
      "alt": "Новости Интема Групп"
    }
  },
  "updatedAt": "2025-11-24T12:05:00.000Z"
}
