{
  "slugKey": "fk-70",
  "published": true,
  "slug": {
    "ru": "fk-70",
    "en": "fk-70"
  },
  "title": {
    "ru": "Смола ФК-70",
    "en": "FK-70"
  },
  "excerpt": {
    "ru": "Смола ФК-70 — продукт категории «Связующие» для литейного производства. процессы: Фуран",
    "en": "FK-70 is part of the \"Связующие\" line for foundry workflows. processes: Фуран"
  },
  "content": {},
  "category": "Связующие",
  "process": [
    "Фуран"
  ],
  "base": [],
  "filler": [],
  "metals": [],
  "auxiliary": [],
  "updatedAt": "2025-11-27T15:28"
}
