{
  "published": true,
  "slug": {
    "ru": "pokrytie-vodnoe-zirkon",
    "en": "water-zircon-coating"
  },
  "title": {
    "ru": "Водное покрытие на цирконе",
    "en": "Water-based zircon coating"
  },
  "excerpt": {
    "ru": "Оптимизировано для Колд-Бокс и ПГС стержней с быстрым высыханием.",
    "en": "Optimised for Cold-Box and no-bake cores with fast drying." 
  },
  "content": {
    "ru": "content/markdoc/ru/catalog/coating-water-zircon.mdoc",
    "en": "content/markdoc/en/catalog/coating-water-zircon.mdoc"
  },
  "category": "Покрытия",
  "process": [
    "Колд-Бокс",
    "ПГС"
  ],
  "base": [
    "водное"
  ],
  "filler": [
    "циркон"
  ],
  "image": "uploads/catalog-coating-water.svg",
  "updatedAt": "2024-03-03T09:15"
}