{
  "published": true,
  "slug": {
    "ru": "pokrytie-spirtovoe-grafit",
    "en": "alcohol-graphite-coating"
  },
  "title": {
    "ru": "Спиртовое покрытие с графитовым наполнителем",
    "en": "Alcohol-based graphite coating"
  },
  "excerpt": {
    "ru": "Гладкая поверхность отливок при кронинг и кокильных процессах.",
    "en": "Smooth casting finish for Croning and permanent mould applications." 
  },
  "content": {
    "ru": "content/markdoc/ru/catalog/coating-alcohol-graphite.mdoc",
    "en": "content/markdoc/en/catalog/coating-alcohol-graphite.mdoc"
  },
  "category": "Покрытия",
  "process": [
    "кронинг",
    "кокиль"
  ],
  "base": [
    "спиртовое"
  ],
  "filler": [
    "графит"
  ],
  "image": "uploads/catalog-coating-alcohol.svg",
  "updatedAt": "2024-03-03T11:45"
}