{
  "id": "home",
  "published": true,
  "slug": {},
  "title": {
    "ru": "Материалы и решения для литейного производства",
    "en": "Materials and solutions for foundry production"
  },
  "description": {
    "ru": "Материалы для литейных цехов и техническое сопровождение внедрения.",
    "en": "Foundry materials with on-site technical support."
  },
  "excerpt": {
    "ru": "Мы помогаем литейным предприятиям стабилизировать процессы формовки и снизить брак.",
    "en": "We help foundries stabilise moulding processes and reduce scrap."
  },
  "content": {},
  "hero": {
    "image": "/uploads/Главная/hero/image.jpg",
    "alt": {
      "ru": "Производственная линия литейного цеха с противопригарным покрытием",
      "en": "Foundry production line applying a release coating"
    }
  },
  "seo": {
    "title": {
      "ru": "Интема Групп — материалы для литейного производства",
      "en": "Intema Group — materials for foundry production"
    },
    "description": {
      "ru": "Связующие, противопригарные покрытия и добавки для изготовления форм и стержней с прогнозируемым качеством.",
      "en": "Binders, release coatings, and additives that keep mould and core production predictable."
    },
    "ogTitle": {
      "ru": "Интема Групп: комплексные поставки для литейных цехов",
      "en": "Intema Group: complete supplies for foundry teams"
    },
    "ogDescription": {
      "ru": "Подбираем рецептуры, обучаем персонал и сопровождаем внедрение материалов на производстве.",
      "en": "We tailor formulations, train teams, and support on-site implementation."
    },
    "ogImage": {
      "image": "/uploads/Главная/seo/ogImage/image.svg",
      "alt": "Интема Групп — команда экспертов по литейным материалам"
    }
  },
  "updatedAt": "2025-11-24T10:00:00.000Z"
}
