{
  "slugKey": "rp-2",
  "published": true,
  "slug": {
    "ru": "rp-2",
    "en": "rp-2"
  },
  "title": {
    "ru": "Разделительный состав РП-2",
    "en": "RP-2"
  },
  "excerpt": {
    "ru": "Разделительное покрытие для форм из холоднотвердеющих смесей (No-Bake); даёт тонкую антифрикционную плёнку, облегчает съём форм и снижает риск газовых дефектов и износа оснастки.",
    "en": "Release coating for no-bake sand moulds; forms a thin low-friction film, reduces mould adhesion and gas-related defects and helps extend pattern and core box life."
  },
  "content": {},
  "category": "Вспомогательные материалы",
  "process": [
    "Альфа-cет",
    "Фуран",
    "Резол-CO₂",
    "ЖСС",
    "Пеп-сет"
  ],
  "base": [],
  "filler": [],
  "metals": [],
  "auxiliary": [
    "Разделительный состав"
  ],
  "updatedAt": "2025-11-27T15:16"
}
